Cluster,Count,Percentage,Avg_Age,Avg_Income,Avg_Spending,Gender_Female_%
0,39,19.5,35.1025641025641,91.33333333333333,80.02564102564102,48.717948717948715
1,44,22.0,33.81818181818182,37.09090909090909,24.818181818181817,59.09090909090909
2,78,39.0,36.52564102564103,56.84615384615385,60.782051282051285,44.871794871794876
3,39,19.5,35.87179487179487,86.41025641025641,34.38461538461539,61.53846153846154
