Cluster,Count,Percentage,Avg_Age,Avg_Income,Avg_Spending,Gender_Female_%
0,21,10.5,37.19047619047619,20.428571428571427,32.80952380952381,52.38095238095239
1,44,22.0,36.61363636363637,17.34090909090909,79.72727272727273,47.72727272727273
2,55,27.500000000000004,36.236363636363635,12.345454545454546,48.8,61.81818181818181
3,48,24.0,32.708333333333336,5.833333333333333,20.395833333333332,54.166666666666664
4,32,16.0,35.9375,7.65625,70.1875,37.5
