Annual Income (k$),Spending Score (1-100),Cluster
91.33333333333334,80.02564102564102,0
37.09090909090909,24.81818181818182,1
56.84615384615384,60.782051282051285,2
86.41025641025642,34.38461538461539,3
