Annual Income (₹ Lakhs),Spending Score (1-100),Cluster
20.42857142857143,32.80952380952381,0
17.34090909090909,79.72727272727273,1
12.345454545454546,48.8,2
5.833333333333334,20.39583333333334,3
7.65625,70.1875,4
