,CustomerID,Age,Annual Income (k$),Spending Score (1-100)
CustomerID,1.0,-0.048946817992114235,-0.1472223850929178,-0.010526420812807032
Age,-0.048946817992114235,1.0,0.08998289391175948,0.027128706401301293
Annual Income (k$),-0.1472223850929178,0.08998289391175948,1.0,0.33483145826282007
Spending Score (1-100),-0.010526420812807032,0.027128706401301293,0.33483145826282007,1.0
