,CustomerID,Age,Annual Income (₹ Lakhs),Spending Score (1-100)
CustomerID,1.0,-0.048946817992114235,-0.14913448342066168,-0.06042271215178027
Age,-0.048946817992114235,1.0,0.17795658351975532,0.08365064129620821
Annual Income (₹ Lakhs),-0.14913448342066168,0.17795658351975532,1.0,0.3649600764824949
Spending Score (1-100),-0.06042271215178027,0.08365064129620821,0.3649600764824949,1.0
