K,WCSS,Silhouette_Score
1,399.99999999999994,0.0
2,227.00737954105753,0.3744172740713958
3,155.446790914599,0.3736436695308763
4,99.59096720881224,0.4286743472256847
5,74.46005825300635,0.43514470391608
6,63.78260838400886,0.38676224932839387
7,54.64512298796167,0.3837540284356895
8,45.74752863761285,0.38808866534011244
9,40.836691193986226,0.3831840587878045
10,36.55864889870359,0.3830566374071885
