K,WCSS,Silhouette_Score
1,400.0000000000001,0.0
2,240.52868721545445,0.3440936909484358
3,167.01514304568477,0.3610047038990465
4,110.04983769840113,0.40396859048773875
5,86.46255496452441,0.3994030589201948
6,74.17492006558959,0.36512224724355874
7,63.40694094241405,0.35703560621037655
8,55.22586459314746,0.36238899925650336
9,49.41691734969553,0.3540238700569732
10,44.108178689441836,0.378758442899981
